{
  "project_info": {
    "project_number": "680303160673",
    "firebase_url": "https://shopping-cart-bd683-default-rtdb.firebaseio.com",
    "project_id": "shopping-cart-bd683",
    "storage_bucket": "shopping-cart-bd683.appspot.com"
  },
  "client": [
    {
      "client_info": {
        "mobilesdk_app_id": "1:680303160673:android:0fd8bf468b914d16032920",
        "android_client_info": {
          "package_name": "com.example.shopping_cart_20"
        }
      },
      "oauth_client": [
        {
          "client_id": "680303160673-2hkc6dqub36qe2rfk1uicahfc15s15ad.apps.googleusercontent.com",
          "client_type": 1,
          "android_info": {
            "package_name": "com.example.shopping_cart_20",
            "certificate_hash": "79ad0a7022da31b6139619d1bac082bf4bf3cfdb"
          }
        },
        {
          "client_id": "680303160673-o9denotumsbqs1cnrdeauu44p4135j9i.apps.googleusercontent.com",
          "client_type": 3
        }
      ],
      "api_key": [
        {
          "current_key": "AIzaSyBQ0UrHm77fCe58I1Wq6wiVJwrHv3ZBY2I"
        }
      ],
      "services": {
        "appinvite_service": {
          "other_platform_oauth_client": [
            {
              "client_id": "680303160673-o9denotumsbqs1cnrdeauu44p4135j9i.apps.googleusercontent.com",
              "client_type": 3
            }
          ]
        }
      }
    }
  ],
  "configuration_version": "1"
}